{"kind":"APIResourceList","apiVersion":"v1","groupVersion":"apps/v1","resources":[{"name":"controllerrevisions","singularName":"","namespaced":true,"kind":"ControllerRevision","verbs":["create","delete","deletecollection","get","list","patch","update","watch"]},{"name":"daemonsets","singularName":"","namespaced":true,"kind":"DaemonSet","verbs":["create","delete","deletecollection","get","list","patch","update","watch"],"shortNames":["ds"],"categories":["all"]},{"name":"daemonsets/status","singularName":"","namespaced":true,"kind":"DaemonSet","verbs":["get","patch","update"]},{"name":"deployments","singularName":"","namespaced":true,"kind":"Deployment","verbs":["create","delete","deletecollection","get","list","patch","update","watch"],"shortNames":["deploy"],"categories":["all"]},{"name":"deployments/scale","singularName":"","namespaced":true,"group":"autoscaling","version":"v1","kind":"Scale","verbs":["get","patch","update"]},{"name":"deployments/status","singularName":"","namespaced":true,"kind":"Deployment","verbs":["get","patch","update"]},{"name":"replicasets","singularName":"","namespaced":true,"kind":"ReplicaSet","verbs":["create","delete","deletecollection","get","list","patch","update","watch"],"shortNames":["rs"],"categories":["all"]},{"name":"replicasets/scale","singularName":"","namespaced":true,"group":"autoscaling","version":"v1","kind":"Scale","verbs":["get","patch","update"]},{"name":"replicasets/status","singularName":"","namespaced":true,"kind":"ReplicaSet","verbs":["get","patch","update"]},{"name":"statefulsets","singularName":"","namespaced":true,"kind":"StatefulSet","verbs":["create","delete","deletecollection","get","list","patch","update","watch"],"shortNames":["sts"],"categories":["all"]},{"name":"statefulsets/scale","singularName":"","namespaced":true,"group":"autoscaling","version":"v1","kind":"Scale","verbs":["get","patch","update"]},{"name":"statefulsets/status","singularName":"","namespaced":true,"kind":"StatefulSet","verbs":["get","patch","update"]}]}
